id,sentiment_score
cmmt0k2wr0000ryv5r4guuaxm,-0.830923318862915
cmmnpqavz00009rv5oqh2m09a,-0.7406311631202698
cmmno2bms0000iuv58jnwq9ey,-0.9150673151016235
cmmnm9z3z0000snv52zos284s,-0.6039910912513733
cmmnk3w3s000064v5r5xj1rvt,-0.7585945725440979
cmmnd91b50006fvv5illj9c55,-0.7902236580848694
cmmnd916f0003fvv5w0yre8wm,-0.7742424607276917
cmmnd910y0000fvv5erl5iwqf,-0.5547020435333252
cmmncz5280003bbv5wtusj6hm,-0.737459123134613
cmmnbhde30006zlv5ym58e41l,-0.6598936915397644
cmmnbhd9n0003zlv5zz81qg1y,-0.7488808035850525
cmmnbhd4j0000zlv5e0rmjewy,-0.7885403633117676
cmmn9blkq0005j5v5n18c1je3,-0.6254838705062866
cmmn99f950000snv5rq2gqz40,-0.5812640190124512
cmmmcvtsd0005wpv5sme66l72,-0.8497022390365601
cmmmcvtn20000wpv5w3woseya,-0.7791540622711182
cmm84jc21004q04l4sjig7zvz,-0.7579047679901123
cmm76879000001v21kdvafuo8,-0.8120516538619995
cmlvordal00448av5fjso94gi,-0.8787310123443604
cmlv85kch017eemv51vyyn2ns,-0.7270454168319702
cmlv85k7r017bemv5tbefpcn8,-0.9026767015457153
cmlv85k37016temv5cfa7c6y7,-0.7566651105880737
cmlv85jyh016oemv5eivrc9qa,-0.909570038318634
cmlv85jtz016eemv5monnp7xl,-0.7963594198226929
cmlv85jgf0164emv55va68nbg,-0.8199907541275024
cmlv85jbw015zemv572n1202g,-0.8642727732658386
cmlv85j7a015semv57jykx3f0,-0.613262414932251
cmlv85j2q015jemv5gfhzmspx,-0.700867772102356
cmlv85iom015aemv5xc3r5x5r,-0.7325534224510193
cmlv85i8j014uemv5lnvpcq54,-0.795674741268158
cmlv85hx1014lemv5fwz7jy6c,-0.7461178302764893
cmlv85hia0148emv5cwxfam0n,-0.8405846953392029
cmlv85hd00143emv57ikwq2du,-0.686194896697998
cmlv85h8j013zemv5lb6bnwp0,-0.6939731240272522
cmlv85gz4013qemv5rso37p2e,-0.7755427956581116
cmlv85gul013nemv5y84y77js,-0.7773729562759399
cmlv85glg013aemv55aceq2ee,-0.7232764363288879
cmlv85ggq0137emv598mpja8g,-0.7761328220367432
cmlv85gbw0134emv5k5gki66o,-0.6942776441574097
cmlv85g2j012yemv5s0e6k41s,-0.778617262840271
cmlv85fy0012vemv52h055tnw,-0.8135239481925964
cmlv85ftb012qemv5n5puke6g,-0.7939711809158325
cmlv85foj012memv547lcgnx0,-0.8575736284255981
cmlv85fek012demv5430gufct,-0.9179999232292175
cmlv85f9t0129emv536dtk9et,-0.873562753200531
cmlv85f570126emv5nc9haxaw,0.4382787048816681
cmlv85f0h0121emv51vwygnv2,-0.5513817071914673
cmlv85ek9011memv55kw8mji5,-0.7613146305084229
cmlv85efp011femv58k7w0r9i,-0.7765247821807861
cmlv85eax011bemv52zl1bdwq,-0.6913614869117737
cmlv85e660117emv5o29c2xkv,-0.7449203133583069
cmlv85e1e0112emv5tytok17j,-0.7531962394714355
cmlv85dmt010temv5xprq0g8r,-0.673681378364563
cmlv85dhx010pemv5cph11z1m,-0.7053263783454895
cmlv85d8a0104emv5j339m22q,-0.8799293041229248
cmlv85d3d00zqemv5fl2h4rxp,-0.7770771384239197
cmlv85cyp00znemv59vngipze,-0.7955254316329956
cmlv85cu300ziemv5o3g5vosf,-0.7708137631416321
cmlv85cp800zfemv5jctpmobo,-0.7829729914665222
cmlv85c6100ymemv5amckelrw,-0.8015744686126709
cmlv85b3t00xaemv5nydd0t4z,-0.6762522459030151
cmlv85aui00x2emv5nefli31h,-0.884533166885376
cmlv85aps00wyemv5zt90ilhw,-0.6876145601272583
cmlv85al200wuemv5k8gi8nc4,-0.7940154671669006
cmlv85ag900wiemv5qgu9vh7v,-0.5163217782974243
cmlv85a1x00w6emv5x7w0nvov,-0.7253826260566711
cmlv859wz00w3emv5f8po8hi9,-0.7483667135238647
cmlv8596h00vwemv55qdkqfu5,-0.7702076435089111
cmlv8591p00vremv52bxuo7t2,-0.8638425469398499
cmlv858wy00vmemv56vjmnonq,-0.8703872561454773
cmlv858sc00viemv5txfisoyt,-0.8438154458999634
cmlv858nq00veemv5mxfnqpmd,-0.7841651439666748
cmlv858ed00v2emv5qpkjfih6,-0.9261989593505859
cmlv8589m00uxemv5bm1cjmq9,-0.8593507409095764
cmlv8585300utemv5q8daripy,-0.9243616461753845
cmlv857vt00udemv5w3h9djic,-0.7938280701637268
cmlv857r900u7emv5pe0u5mlp,-0.8436281681060791
cmlv857mr00u4emv5015va3p9,-0.7694775462150574
cmlv8573w00tpemv5q8zn15o1,-0.8557228446006775
cmlv856ze00tjemv5sd5xaw6u,-0.7702073454856873
cmlv856uj00tgemv59klc5ru6,-0.8550795912742615
cmlv856pz00tcemv50qafuss8,-0.7896778583526611
cmlv856lb00t8emv590m4po9h,-0.7766574025154114
cmlv856gl00t0emv54i69w6ea,-0.6201359033584595
cmlv856by00ssemv5tqb72uy6,-0.8399352431297302
cmlv8560t00snemv53wsi06b2,-0.6288037300109863
cmlv855w600sjemv5abge43xw,-0.833454430103302
cmlv855rd00sfemv5700lwk8k,-0.8849738836288452
cmlv855ln00sbemv552g5pq5j,-0.8345426321029663
cmlv855gw00s7emv5uitwpp25,-0.8497866988182068
cmlv855c800s3emv5pkcoy7qf,-0.9107987880706787
cmlv854o500rhemv546100j84,-0.8843433856964111
cmlv854jd00rcemv55s0i5757,-0.8791825771331787
cmlv8544q00r2emv5w4v07c4z,-0.7177977561950684
cmlv853zq00qyemv5h7tvhbm0,-0.8908599615097046
cmlv853q300qremv5ahvprttl,-0.9037219882011414
cmlv853l700qoemv5zbtty8g2,-0.5700438618659973
cmlv853gb00qlemv5wm3dkkmv,-0.8471009135246277
cmlv853bl00qhemv5lbbvg5d4,-0.8496679067611694
cmlv8536r00qcemv5t0kye3ae,-0.849452793598175
cmlv8531v00q4emv5xeqf7b4h,-0.7205101847648621
cmlv852i300piemv5lgtdtpzv,-0.8723555207252502
cmlv852dc00peemv5a1sujexa,-0.8644287586212158
cmlv8528t00paemv5pchq5fzl,-0.8900464177131653
cmlv8524400ozemv528761wp5,-0.7192649245262146
cmlv851up00osemv5t75jxuso,-0.6855564117431641
cmlv851pz00opemv5zzokrhil,0.4300138056278229
cmlv851ld00okemv5y97rn941,-0.9132433533668518
cmlv851gr00oaemv53omfc8bg,-0.9303930401802063
cmlv8517700o3emv5it0h9ody,-0.9497307538986206
cmlv850xv00ntemv5pawhzv5e,-0.759742021560669
cmlv850t400npemv5pt6jq88q,-0.9086577296257019
cmlv850of00niemv5dm45zc3s,-0.7818841338157654
cmlv850jm00naemv57furcgu1,-0.5829892754554749
cmlv850et00n5emv55kzqridd,-0.7495973706245422
cmlv850a300n2emv548pjmg9x,-0.852880597114563
cmlv8505d00myemv5akoaoor4,-0.739024817943573
cmlv8500n00muemv51vix4zum,-0.8451864123344421
cmlv84zvz00msemv5y6eqmstx,-0.7036526799201965
cmlv84zri00mqemv53xnrl3qg,-0.8379099369049072
cmlv84zmz00mmemv54o6gvk8x,-0.7424834966659546
cmlv84zi900mhemv5760db1wf,-0.7940924763679504
cmlv84yzw00lwemv5kypkngpl,-0.7603815197944641
cmlv84yv900llemv5na02apfr,-0.8037787675857544
cmlv84ym600leemv50ezsie5r,-0.4970631003379822
cmlv84yd300l6emv5fewsdas5,-0.8053122162818909
cmlv84y8j00l1emv59sezuvml,-0.7903788089752197
cmlv84y3v00kkemv5ngd9xxe6,-0.7349421977996826
cmlv84xv500kgemv5eww3y3m6,-0.7542933225631714
cmlv84xqi00k1emv5tdiipji3,-0.7376113533973694
cmlv84xlz00jwemv5fow9xvg5,-0.8572813868522644
cmlv84wyo00j7emv56rvg2bx3,-0.8688377737998962
cmlv84wk200isemv5ojbdwaau,-0.6860072016716003
cmlv84wfi00imemv5owuam7jn,-0.832261323928833
cmlv84waq00igemv5wkz1ud09,-0.8027954697608948
cmlv84w6400icemv5nfks801s,-0.768555760383606
cmlv84w1j00i9emv5i1j719dl,-0.851652979850769
cmlv84vwz00i4emv57op4rxiq,-0.7369498610496521
cmlv84vni00hqemv50jh282gy,-0.7417500019073486
cmlv84viz00hlemv5ttnuaqgo,-0.6688646674156189
cmlv84vef00hiemv5qey8tsia,-0.8517981767654419
cmlv84v5200h1emv5ccp0ne0n,-0.8414379358291626
cmlv84v0i00gyemv5kuwoflk2,-0.6877551674842834
cmlv84uw000gtemv5sya3wspl,-0.8563364744186401
cmlv84umy00goemv5agi99meg,-0.8439313173294067
cmlv84uie00gaemv5sicfs0yz,-0.6736144423484802
cmlv84ua900g4emv5v6a8qhmy,-0.7672351002693176
cmlv84u5q00fwemv5f4w1g8sx,-0.5820373892784119
cmlv84twd00flemv5rsn37igj,-0.6256949305534363
cmlv84tor00fdemv5elwz7nb0,-0.8450973033905029
cmlv84tk100f8emv5lbbr735e,-0.8307260274887085
cmlv84tfh00f3emv5b8rf0kt9,-0.8418290019035339
cmlv84t1200ememv53wj8a0x9,-0.7534219026565552
cmlv84swj00ejemv5r4ubbbkm,-0.7113283276557922
cmlv84sdi00e0emv5hud6eomh,-0.7110987305641174
cmlv84s8w00dvemv5q2fvg7dd,-0.7655695080757141
cmlv84s4e00dremv5gm27b3sg,-0.8859390616416931
cmlv84rzw00dkemv59hv4tldf,-0.8912829160690308
cmlv84rvf00dhemv55pjdx3t0,-0.5682973861694336
cmlv84rqw00ddemv5xeutry6i,-0.7656086087226868
cmlv84rm700d7emv5b4uohe9s,-0.8290004730224609
cmlv84rhm00cyemv5m34b3bk0,-0.5624213218688965
cmlv84rd000cjemv5k9yqq2oc,-0.8429617881774902
cmlv84r8c00cgemv5m8qlo5ov,-0.8143153190612793
cmlv84r3t00caemv5mnperl5x,-0.6262362599372864
cmlv84qx700c7emv5s0rbu7w6,-0.5358591675758362
cmlv84qnx00boemv5qr25in46,-0.9279963374137878
cmlv84qjf00bhemv5i47q636k,-0.7636882066726685
cmlv84qa800b5emv5j6nhljq8,-0.6507851481437683
cmlv84q5g00b0emv51prd27vz,-0.5433592796325684
cmlv84q0t00auemv5c986pcwo,-0.6251482963562012
cmlv84pho009qemv5rjp2b9k4,-0.5741733312606812
cmlv84pcz009demv5h4o9dkpt,-0.8107253313064575
cmlv84p860097emv5crf8qudm,-0.7596384882926941
cmlv84p3c008vemv5a0ou7vch,-0.8642430901527405
cmlv84oyl008semv5tl5qwoef,-0.6713079810142517
cmlv84ou3008nemv50iob6qja,-0.7218003869056702
cmlv84opk008kemv52i565o6i,-0.7043517231941223
cmlv84okz008eemv5vczlu1db,-0.73471999168396
cmlv84og7008aemv5c9j3tnhy,-0.7444475293159485
cmlv84obk0087emv5b6889z1y,-0.8118360042572021
cmlv84o6u0082emv5ovuefz3k,-0.7529332041740417
cmlv84o1g007nemv5hr380rf0,-0.8234167695045471
cmlv84nmo006semv5qkwhkyzd,-0.805565595626831
cmlv84ncb006memv5jzasrwxi,-0.770459771156311
cmlv84n7d006jemv5je06qugk,-0.804282009601593
cmlv84mxv006bemv57v2o73aa,-0.908427357673645
cmlv84mt50066emv5ogvizz40,-0.8332728147506714
cmlv84mje0060emv5x20tjvmq,-0.796943187713623
cmlv84mep005wemv5i1botyi5,-0.8314112424850464
cmlv84m9r005nemv5be7mwuom,-0.8690074682235718
cmlv84m4y005kemv5omrl65te,-0.7785921692848206
cmlv84m05005hemv5df9bk44p,-0.8396586179733276
cmlv84lql0059emv5dqb3lcr1,-0.7781597971916199
cmlv84lkc004zemv5ifbjpbgt,-0.8885514140129089
cmlv84lfi004wemv5i4rnge54,-0.7789674997329712
cmlv84lau004semv5z02uy4pv,-0.7934173941612244
cmlv84l5z004hemv5oyn05syt,-0.6772708892822266
cmlv84l15004cemv5wln9owtf,-0.7468050122261047
cmlv84kwa003yemv5p6enkr9b,-0.8424320220947266
cmlv84krj003iemv5bq8pc54p,-0.815808892250061
cmlv84kcg0030emv5o9kr6ino,-0.8302167654037476
cmlv84j9v0024emv539ktmaye,-0.6245223879814148
cmlv84j0h001zemv5t4j55gth,-0.9192659854888916
cmlv84ivu001xemv5m8vityy1,-0.8142402172088623
cmlv84ima001remv5kstptcj7,-0.8153619170188904
cmlv84ihm001memv58i4oxtil,-0.8074508905410767
cmlv84icw001hemv5rleuai75,-0.8120787739753723
cmlv84i390019emv5s8hbptwq,-0.6626986265182495
cmlv84hyg000yemv5ixkbbebg,-0.8326849341392517
cmlv84htj000temv586ty49dq,-0.877406656742096
cmlv84hjt000iemv5pam8dmyq,-0.7991187572479248
cmlv84haf0007emv5ctawq28u,-0.6451354026794434
cmlv84h5k0000emv5h7l085u8,-0.7836114764213562
cmlv64zj6000ubhv58efl1msf,-0.7822611331939697
cmlrjquz40020xh3ym79xynbs,-0.6707062125205994
cmlrjqu4k001yxh3y7p7oecmm,-0.7878098487854004
cmlrjqdbk0008xh3yqytpktar,-0.9210638999938965
cmktw1z0l000601v5wf2xbj4c,-0.828926682472229
cmkk2z2x1000gomv5l5nhd1dg,-0.9157685041427612
cmkk2z2q4000comv5mz0gggos,-0.9113068580627441
cmkjtn7sk006o9lv5mfcqpxce,-0.8130000829696655
cmkjtn6vy006j9lv51un3bg82,-0.8007966876029968
cmkjtn651006e9lv51in9d7gd,-0.8836630582809448
cmkjtn5sd006c9lv5khuxm1og,-0.9089165329933167
cmkjtn36t005t9lv55avck5yy,-0.7762944102287292
cmkjtn103005g9lv54ixqeusy,-0.8018871545791626
cmkjtn0iw005d9lv5ri2uompg,-0.7663791179656982
cmkjtmye800509lv5yychgnqv,-0.767220675945282
cmkjtmxz4004x9lv5dc0i0y33,-0.792550802230835
cmkjtmx6u004t9lv5puq5gg4o,-0.7462724447250366
cmkjtmwr1004q9lv514moh79u,-0.848518967628479
cmkjtmwe2004o9lv54xj8ps6j,-0.9444118738174438
cmkjtmvxj004l9lv5lyq7l7fa,-0.8988086581230164
cmkjtmtsx00499lv5tcq0jmlz,-0.8099064230918884
cmkjtms4200439lv5p108fkg1,-0.7996839880943298
cmkjtmnmm003w9lv5nosgsm74,-0.7938446998596191
cmkjtmmgo003t9lv5g38lgvup,-0.8682631254196167
cmkjtmlre003q9lv5prpz4o88,-0.8008101582527161
cmkjtmkcj003k9lv5147mog3i,-0.8708239793777466
cmkjtmidm003a9lv55a4nso48,-0.8134247064590454
cmkjtmhv600379lv560qck0pa,-0.7575585842132568
cmkjtmh4o00339lv5ownfi2y6,-0.7133005857467651
cmkjtmgob00309lv5fcps08mv,-0.9375982284545898
cmkjtmg8y002x9lv5y1y8ukda,-0.7065783739089966
cmkjtme64002i9lv56dhda15b,-0.8543058633804321
cmkjtmdqf002e9lv53lhpn8my,-0.8562446236610413
cmkjtma89001t9lv5mpl63xh4,-0.8232260346412659
cmkjtm9hb001p9lv5xkyd8ank,-0.8749909400939941
cmkjtm8mm001k9lv5dlegl4gp,-0.8978025317192078
cmkjtm7zh001g9lv5nfg5m24n,-0.8119187355041504
cmkjtm7dd001c9lv5vhliehhf,-0.8861995339393616
cmkjtm5qc00129lv50x8b57m9,-0.862822949886322
cmkjtm51d000z9lv5t03do5kv,-0.9029200077056885
cmkjtm4lj000w9lv5nqm0ml1r,-0.7775470018386841
cmkjtm45t000t9lv5t2odhz5t,-0.7609426379203796
cmkjtm23x000f9lv5jqpilm5v,-0.7635148763656616
cmkjtm15900099lv5tutu9aua,-0.7975343465805054
